{
    // Use IntelliSense to learn about possible attributes.
    // Hover to view descriptions of existing attributes.
    // For more information, visit: https://go.microsoft.com/fwlink/?linkid=830387
    "version": "0.2.0",
    "configurations": [
        {
            "name": "Python: Current File (Integrated Terminal)",
            "type": "python",
            "request": "launch",
            "program": "${file}",
            "console": "integratedTerminal"
        },
        {
            "name": "Python: Remote Attach",
            "type": "python",
            "request": "attach",
            "port": 5678,
            "host": "localhost",
            "pathMappings": [
                {
                    "localRoot": "${workspaceFolder}",
                    "remoteRoot": "."
                }
            ]
        },
        {
            "name": "Python: Module",
            "type": "python",
            "request": "launch",
            "module": "enter-your-module-name-here",
            "console": "integratedTerminal"
        },
        {
            "name": "Python: Django",
            "type": "python",
            "request": "launch",
            "program": "${workspaceFolder}/manage.py",
            "console": "integratedTerminal",
            "args": [
                "runserver",
                "--noreload",
                "--nothreading"
            ],
            "django": true
        },
        {
            "name": "Python: Flask",
            "type": "python",
            "request": "launch",
            "module": "flask",
            "env": {
                "FLASK_APP": "app.py"
            },
            "args": [
                "run",
                "--no-debugger",
                "--no-reload"
            ],
            "jinja": true
        },
        {
            "name": "Python: Current File (External Terminal)",
            "type": "python",
            "request": "launch",
            "program": "${file}",
            "console": "externalTerminal"
        }
    ]
}